IMAGE_FILENAME, LABEL
GICSD_1_0_3.png, FULL_VISIBILITY 
GICSD_1_0_13.png, FULL_VISIBILITY 
GICSD_1_1_33.png, PARTIAL_VISIBILITY 
GICSD_1_1_53.png, FULL_VISIBILITY 
GICSD_1_2_73.png, FULL_VISIBILITY 
GICSD_1_3_93.png, FULL_VISIBILITY 
GICSD_1_3_113.png, FULL_VISIBILITY 
GICSD_1_4_133.png, FULL_VISIBILITY 
GICSD_1_5_153.png, FULL_VISIBILITY 
GICSD_1_5_173.png, FULL_VISIBILITY 
GICSD_1_6_193.png, FULL_VISIBILITY 
GICSD_1_7_213.png, NO_VISIBILITY 
GICSD_1_7_233.png, FULL_VISIBILITY 
GICSD_1_8_253.png, FULL_VISIBILITY 
GICSD_1_9_273.png, FULL_VISIBILITY 
GICSD_1_9_293.png, FULL_VISIBILITY 
GICSD_2_0_3.png, FULL_VISIBILITY 
GICSD_2_0_13.png, FULL_VISIBILITY 
GICSD_2_1_33.png, FULL_VISIBILITY 
GICSD_2_1_53.png, FULL_VISIBILITY 
GICSD_2_2_73.png, FULL_VISIBILITY 
GICSD_2_3_93.png, FULL_VISIBILITY 
GICSD_2_3_113.png, PARTIAL_VISIBILITY 
GICSD_2_4_133.png, FULL_VISIBILITY 
GICSD_2_5_153.png, FULL_VISIBILITY 
GICSD_2_5_173.png, FULL_VISIBILITY 
GICSD_2_6_193.png, PARTIAL_VISIBILITY 
GICSD_2_7_213.png, NO_VISIBILITY 
GICSD_2_7_233.png, FULL_VISIBILITY 
GICSD_2_8_253.png, FULL_VISIBILITY 
GICSD_2_9_273.png, FULL_VISIBILITY 
GICSD_2_9_293.png, FULL_VISIBILITY 
GICSD_3_0_3.png, FULL_VISIBILITY 
GICSD_3_0_13.png, FULL_VISIBILITY 
GICSD_3_1_33.png, FULL_VISIBILITY 
GICSD_3_1_53.png, FULL_VISIBILITY 
GICSD_3_2_73.png, FULL_VISIBILITY 
GICSD_3_3_93.png, FULL_VISIBILITY 
GICSD_3_3_113.png, FULL_VISIBILITY 
GICSD_3_4_133.png, FULL_VISIBILITY 
GICSD_3_5_153.png, FULL_VISIBILITY 
GICSD_3_5_173.png, FULL_VISIBILITY 
GICSD_3_6_193.png, PARTIAL_VISIBILITY 
GICSD_3_7_213.png, PARTIAL_VISIBILITY 
GICSD_3_7_233.png, PARTIAL_VISIBILITY 
GICSD_3_8_253.png, FULL_VISIBILITY 
GICSD_3_9_273.png, FULL_VISIBILITY 
GICSD_3_9_293.png, FULL_VISIBILITY 
GICSD_4_0_3.png, FULL_VISIBILITY 
GICSD_4_0_13.png, FULL_VISIBILITY 
GICSD_4_1_33.png, FULL_VISIBILITY 
GICSD_4_1_53.png, FULL_VISIBILITY 
GICSD_4_2_73.png, FULL_VISIBILITY 
GICSD_4_3_93.png, FULL_VISIBILITY 
GICSD_4_3_113.png, FULL_VISIBILITY 
GICSD_4_4_133.png, FULL_VISIBILITY 
GICSD_4_5_153.png, FULL_VISIBILITY 
GICSD_4_5_173.png, FULL_VISIBILITY 
GICSD_4_6_193.png, FULL_VISIBILITY 
GICSD_4_7_213.png, PARTIAL_VISIBILITY 
GICSD_4_7_233.png, PARTIAL_VISIBILITY 
GICSD_4_8_253.png, FULL_VISIBILITY 
GICSD_4_9_273.png, FULL_VISIBILITY 
GICSD_4_9_293.png, FULL_VISIBILITY 
GICSD_5_0_3.png, FULL_VISIBILITY 
GICSD_5_0_13.png, FULL_VISIBILITY 
GICSD_5_1_33.png, FULL_VISIBILITY 
GICSD_5_1_53.png, PARTIAL_VISIBILITY 
GICSD_5_2_73.png, FULL_VISIBILITY 
GICSD_5_3_93.png, FULL_VISIBILITY 
GICSD_5_3_113.png, FULL_VISIBILITY 
GICSD_5_4_133.png, FULL_VISIBILITY 
GICSD_5_5_153.png, FULL_VISIBILITY 
GICSD_5_5_173.png, FULL_VISIBILITY 
GICSD_5_6_193.png, PARTIAL_VISIBILITY 
GICSD_5_7_213.png, NO_VISIBILITY 
GICSD_5_7_233.png, FULL_VISIBILITY 
GICSD_5_8_253.png, FULL_VISIBILITY 
GICSD_5_9_273.png, FULL_VISIBILITY 
GICSD_5_9_293.png, FULL_VISIBILITY 
GICSD_6_0_3.png, FULL_VISIBILITY 
GICSD_6_0_13.png, FULL_VISIBILITY 
GICSD_6_1_33.png, FULL_VISIBILITY 
GICSD_6_1_53.png, FULL_VISIBILITY 
GICSD_6_2_73.png, FULL_VISIBILITY 
GICSD_6_3_93.png, PARTIAL_VISIBILITY 
GICSD_6_3_113.png, FULL_VISIBILITY 
GICSD_6_4_133.png, FULL_VISIBILITY 
GICSD_6_5_153.png, FULL_VISIBILITY 
GICSD_6_5_173.png, FULL_VISIBILITY 
GICSD_6_6_193.png, PARTIAL_VISIBILITY 
GICSD_6_7_213.png, PARTIAL_VISIBILITY 
GICSD_6_7_233.png, FULL_VISIBILITY 
GICSD_6_8_253.png, FULL_VISIBILITY 
GICSD_6_9_273.png, FULL_VISIBILITY 
GICSD_6_9_293.png, FULL_VISIBILITY 
GICSD_7_0_3.png, FULL_VISIBILITY 
GICSD_7_0_13.png, FULL_VISIBILITY 
GICSD_7_1_33.png, FULL_VISIBILITY 
GICSD_7_1_53.png, FULL_VISIBILITY 
GICSD_7_2_73.png, FULL_VISIBILITY 
GICSD_7_3_93.png, FULL_VISIBILITY 
GICSD_7_3_113.png, FULL_VISIBILITY 
GICSD_7_4_133.png, FULL_VISIBILITY 
GICSD_7_5_153.png, FULL_VISIBILITY 
GICSD_7_5_173.png, FULL_VISIBILITY 
GICSD_7_6_193.png, PARTIAL_VISIBILITY 
GICSD_7_7_213.png, PARTIAL_VISIBILITY 
GICSD_7_7_233.png, FULL_VISIBILITY 
GICSD_7_8_253.png, FULL_VISIBILITY 
GICSD_7_9_273.png, FULL_VISIBILITY 
GICSD_7_9_293.png, FULL_VISIBILITY 
GICSD_8_0_3.png, FULL_VISIBILITY 
GICSD_8_0_13.png, FULL_VISIBILITY 
GICSD_8_1_33.png, FULL_VISIBILITY 
GICSD_8_1_53.png, FULL_VISIBILITY 
GICSD_8_2_73.png, FULL_VISIBILITY 
GICSD_8_3_93.png, PARTIAL_VISIBILITY 
GICSD_8_3_113.png, FULL_VISIBILITY 
GICSD_8_4_133.png, FULL_VISIBILITY 
GICSD_8_5_153.png, FULL_VISIBILITY 
GICSD_8_5_173.png, PARTIAL_VISIBILITY 
GICSD_8_6_193.png, PARTIAL_VISIBILITY 
GICSD_8_7_213.png, NO_VISIBILITY 
GICSD_8_7_233.png, FULL_VISIBILITY 
GICSD_8_8_253.png, FULL_VISIBILITY 
GICSD_8_9_273.png, FULL_VISIBILITY 
GICSD_8_9_293.png, FULL_VISIBILITY 
GICSD_9_0_3.png, FULL_VISIBILITY 
GICSD_9_0_13.png, PARTIAL_VISIBILITY 
GICSD_9_1_33.png, FULL_VISIBILITY 
GICSD_9_1_53.png, FULL_VISIBILITY 
GICSD_9_2_73.png, PARTIAL_VISIBILITY 
GICSD_9_3_93.png, FULL_VISIBILITY 
GICSD_9_3_113.png, PARTIAL_VISIBILITY 
GICSD_9_4_133.png, FULL_VISIBILITY 
GICSD_9_5_153.png, FULL_VISIBILITY 
GICSD_9_5_173.png, FULL_VISIBILITY 
GICSD_9_6_193.png, PARTIAL_VISIBILITY 
GICSD_9_7_213.png, PARTIAL_VISIBILITY 
GICSD_9_7_233.png, FULL_VISIBILITY 
GICSD_9_8_253.png, FULL_VISIBILITY 
GICSD_9_9_273.png, FULL_VISIBILITY 
GICSD_9_9_293.png, FULL_VISIBILITY 
GICSD_10_0_3.png, FULL_VISIBILITY 
GICSD_10_0_13.png, FULL_VISIBILITY 
GICSD_10_1_33.png, FULL_VISIBILITY 
GICSD_10_1_53.png, FULL_VISIBILITY 
GICSD_10_2_73.png, FULL_VISIBILITY 
GICSD_10_3_93.png, FULL_VISIBILITY 
GICSD_10_3_113.png, FULL_VISIBILITY 
GICSD_10_4_133.png, FULL_VISIBILITY 
GICSD_10_5_153.png, FULL_VISIBILITY 
GICSD_10_5_173.png, FULL_VISIBILITY 
GICSD_10_6_193.png, NO_VISIBILITY 
GICSD_10_7_213.png, PARTIAL_VISIBILITY 
GICSD_10_7_233.png, PARTIAL_VISIBILITY 
GICSD_10_8_253.png, FULL_VISIBILITY 
GICSD_10_9_273.png, FULL_VISIBILITY 
GICSD_10_9_293.png, FULL_VISIBILITY 
GICSD_11_0_3.png, FULL_VISIBILITY 
GICSD_11_0_13.png, FULL_VISIBILITY 
GICSD_11_1_33.png, FULL_VISIBILITY 
GICSD_11_1_53.png, FULL_VISIBILITY 
GICSD_11_2_73.png, FULL_VISIBILITY 
GICSD_11_3_93.png, PARTIAL_VISIBILITY 
GICSD_11_3_113.png, FULL_VISIBILITY 
GICSD_11_4_133.png, FULL_VISIBILITY 
GICSD_11_5_153.png, FULL_VISIBILITY 
GICSD_11_5_173.png, FULL_VISIBILITY 
GICSD_11_6_193.png, PARTIAL_VISIBILITY 
GICSD_11_7_213.png, PARTIAL_VISIBILITY 
GICSD_11_7_233.png, FULL_VISIBILITY 
GICSD_11_8_253.png, FULL_VISIBILITY 
GICSD_11_9_273.png, FULL_VISIBILITY 
GICSD_11_9_293.png, FULL_VISIBILITY 
GICSD_12_0_3.png, FULL_VISIBILITY 
GICSD_12_0_13.png, FULL_VISIBILITY 
GICSD_12_1_33.png, FULL_VISIBILITY 
GICSD_12_1_53.png, FULL_VISIBILITY 
GICSD_12_2_73.png, PARTIAL_VISIBILITY 
GICSD_12_3_93.png, FULL_VISIBILITY 
GICSD_12_3_113.png, FULL_VISIBILITY 
GICSD_12_4_133.png, FULL_VISIBILITY 
GICSD_12_5_153.png, FULL_VISIBILITY 
GICSD_12_5_173.png, FULL_VISIBILITY 
GICSD_12_6_193.png, PARTIAL_VISIBILITY 
GICSD_12_7_213.png, NO_VISIBILITY 
GICSD_12_7_233.png, FULL_VISIBILITY 
GICSD_12_8_253.png, FULL_VISIBILITY 
GICSD_12_9_273.png, FULL_VISIBILITY 
GICSD_12_9_293.png, FULL_VISIBILITY 
GICSD_13_0_3.png, FULL_VISIBILITY 
GICSD_13_0_13.png, FULL_VISIBILITY 
GICSD_13_1_33.png, FULL_VISIBILITY 
GICSD_13_1_53.png, FULL_VISIBILITY 
GICSD_13_2_73.png, FULL_VISIBILITY 
GICSD_13_3_93.png, FULL_VISIBILITY 
GICSD_13_3_113.png, FULL_VISIBILITY 
GICSD_13_4_133.png, FULL_VISIBILITY 
GICSD_13_5_153.png, FULL_VISIBILITY 
GICSD_13_5_173.png, FULL_VISIBILITY 
GICSD_13_6_193.png, PARTIAL_VISIBILITY 
GICSD_13_7_213.png, NO_VISIBILITY 
GICSD_13_7_233.png, FULL_VISIBILITY 
GICSD_13_8_253.png, FULL_VISIBILITY 
GICSD_13_9_273.png, FULL_VISIBILITY 
GICSD_13_9_293.png, FULL_VISIBILITY 
GICSD_14_0_3.png, FULL_VISIBILITY 
GICSD_14_0_13.png, FULL_VISIBILITY 
GICSD_14_1_33.png, FULL_VISIBILITY 
GICSD_14_1_53.png, FULL_VISIBILITY 
GICSD_14_2_73.png, FULL_VISIBILITY 
GICSD_14_3_93.png, FULL_VISIBILITY 
GICSD_14_3_113.png, FULL_VISIBILITY 
GICSD_14_4_133.png, FULL_VISIBILITY 
GICSD_14_5_153.png, FULL_VISIBILITY 
GICSD_14_5_173.png, FULL_VISIBILITY 
GICSD_14_6_193.png, PARTIAL_VISIBILITY 
GICSD_14_7_213.png, NO_VISIBILITY 
GICSD_14_7_233.png, PARTIAL_VISIBILITY 
GICSD_14_8_253.png, FULL_VISIBILITY 
GICSD_14_9_273.png, FULL_VISIBILITY 
GICSD_14_9_293.png, FULL_VISIBILITY 
GICSD_15_0_3.png, FULL_VISIBILITY 
GICSD_15_0_13.png, FULL_VISIBILITY 
GICSD_15_1_33.png, FULL_VISIBILITY 
GICSD_15_1_53.png, FULL_VISIBILITY 
GICSD_15_2_73.png, FULL_VISIBILITY 
GICSD_15_3_93.png, FULL_VISIBILITY 
GICSD_15_3_113.png, FULL_VISIBILITY 
GICSD_15_4_133.png, FULL_VISIBILITY 
GICSD_15_5_153.png, FULL_VISIBILITY 
GICSD_15_5_173.png, FULL_VISIBILITY 
GICSD_15_6_193.png, PARTIAL_VISIBILITY 
GICSD_15_7_213.png, NO_VISIBILITY 
GICSD_15_7_233.png, FULL_VISIBILITY 
GICSD_15_8_253.png, FULL_VISIBILITY 
GICSD_15_9_273.png, FULL_VISIBILITY 
GICSD_15_9_293.png, FULL_VISIBILITY 
GICSD_16_0_3.png, FULL_VISIBILITY 
GICSD_16_0_13.png, FULL_VISIBILITY 
GICSD_16_1_33.png, FULL_VISIBILITY 
GICSD_16_1_53.png, FULL_VISIBILITY 
GICSD_16_2_73.png, FULL_VISIBILITY 
GICSD_16_3_93.png, PARTIAL_VISIBILITY 
GICSD_16_3_113.png, FULL_VISIBILITY 
GICSD_16_4_133.png, FULL_VISIBILITY 
GICSD_16_5_153.png, FULL_VISIBILITY 
GICSD_16_5_173.png, FULL_VISIBILITY 
GICSD_16_6_193.png, PARTIAL_VISIBILITY 
GICSD_16_7_213.png, NO_VISIBILITY 
GICSD_16_7_233.png, PARTIAL_VISIBILITY 
GICSD_16_8_253.png, FULL_VISIBILITY 
GICSD_16_9_273.png, FULL_VISIBILITY 
GICSD_16_9_293.png, PARTIAL_VISIBILITY 
GICSD_17_0_3.png, FULL_VISIBILITY 
GICSD_17_0_13.png, FULL_VISIBILITY 
GICSD_17_1_33.png, FULL_VISIBILITY 
GICSD_17_1_53.png, FULL_VISIBILITY 
GICSD_17_2_73.png, FULL_VISIBILITY 
GICSD_17_3_93.png, PARTIAL_VISIBILITY 
GICSD_17_3_113.png, FULL_VISIBILITY 
GICSD_17_4_133.png, FULL_VISIBILITY 
GICSD_17_5_153.png, FULL_VISIBILITY 
GICSD_17_5_173.png, FULL_VISIBILITY 
GICSD_17_6_193.png, PARTIAL_VISIBILITY 
GICSD_17_7_213.png, NO_VISIBILITY 
GICSD_17_7_233.png, PARTIAL_VISIBILITY 
GICSD_17_8_253.png, FULL_VISIBILITY 
GICSD_17_9_273.png, FULL_VISIBILITY 
GICSD_17_9_293.png, FULL_VISIBILITY 
GICSD_18_0_3.png, FULL_VISIBILITY 
GICSD_18_0_13.png, FULL_VISIBILITY 
GICSD_18_1_33.png, FULL_VISIBILITY 
GICSD_18_1_53.png, FULL_VISIBILITY 
GICSD_18_2_73.png, FULL_VISIBILITY 
GICSD_18_3_93.png, FULL_VISIBILITY 
GICSD_18_3_113.png, FULL_VISIBILITY 
GICSD_18_4_133.png, FULL_VISIBILITY 
GICSD_18_5_153.png, FULL_VISIBILITY 
GICSD_18_5_173.png, FULL_VISIBILITY 
GICSD_18_6_193.png, PARTIAL_VISIBILITY 
GICSD_18_7_213.png, NO_VISIBILITY 
GICSD_18_7_233.png, PARTIAL_VISIBILITY 
GICSD_18_8_253.png, FULL_VISIBILITY 
GICSD_18_9_273.png, FULL_VISIBILITY 
GICSD_18_9_293.png, FULL_VISIBILITY 
GICSD_19_0_3.png, FULL_VISIBILITY 
GICSD_19_0_13.png, FULL_VISIBILITY 
GICSD_19_1_33.png, FULL_VISIBILITY 
GICSD_19_1_53.png, FULL_VISIBILITY 
GICSD_19_2_73.png, FULL_VISIBILITY 
GICSD_19_3_93.png, FULL_VISIBILITY 
GICSD_19_3_113.png, FULL_VISIBILITY 
GICSD_19_4_133.png, FULL_VISIBILITY 
GICSD_19_5_153.png, FULL_VISIBILITY 
GICSD_19_5_173.png, FULL_VISIBILITY 
GICSD_19_6_193.png, PARTIAL_VISIBILITY 
GICSD_19_7_213.png, NO_VISIBILITY 
GICSD_19_7_233.png, FULL_VISIBILITY 
GICSD_19_8_253.png, FULL_VISIBILITY 
GICSD_19_9_273.png, FULL_VISIBILITY 
GICSD_19_9_293.png, FULL_VISIBILITY 
GICSD_20_0_3.png, FULL_VISIBILITY 
GICSD_20_0_13.png, FULL_VISIBILITY 
GICSD_20_1_33.png, FULL_VISIBILITY 
GICSD_20_1_53.png, FULL_VISIBILITY 
GICSD_20_2_73.png, FULL_VISIBILITY 
GICSD_20_3_93.png, FULL_VISIBILITY 
GICSD_20_3_113.png, FULL_VISIBILITY 
GICSD_20_4_133.png, FULL_VISIBILITY 
GICSD_20_5_153.png, FULL_VISIBILITY 
GICSD_20_5_173.png, FULL_VISIBILITY 
GICSD_20_6_193.png, FULL_VISIBILITY 
GICSD_20_7_213.png, NO_VISIBILITY 
GICSD_20_7_233.png, FULL_VISIBILITY 
GICSD_20_8_253.png, FULL_VISIBILITY 
GICSD_20_9_273.png, FULL_VISIBILITY 
GICSD_20_9_293.png, FULL_VISIBILITY 
GICSD_21_0_3.png, FULL_VISIBILITY 
GICSD_21_0_13.png, FULL_VISIBILITY 
GICSD_21_1_33.png, FULL_VISIBILITY 
GICSD_21_1_53.png, FULL_VISIBILITY 
GICSD_21_2_73.png, PARTIAL_VISIBILITY 
GICSD_21_3_93.png, FULL_VISIBILITY 
GICSD_21_3_113.png, PARTIAL_VISIBILITY 
GICSD_21_4_133.png, FULL_VISIBILITY 
GICSD_21_5_153.png, FULL_VISIBILITY 
GICSD_21_5_173.png, FULL_VISIBILITY 
GICSD_21_6_193.png, FULL_VISIBILITY 
GICSD_21_7_213.png, NO_VISIBILITY 
GICSD_21_7_233.png, PARTIAL_VISIBILITY 
GICSD_21_8_253.png, FULL_VISIBILITY 
GICSD_21_9_273.png, FULL_VISIBILITY 
GICSD_21_9_293.png, FULL_VISIBILITY 
GICSD_22_0_3.png, FULL_VISIBILITY 
GICSD_22_0_13.png, FULL_VISIBILITY 
GICSD_22_1_33.png, FULL_VISIBILITY 
GICSD_22_1_53.png, FULL_VISIBILITY 
GICSD_22_2_73.png, FULL_VISIBILITY 
GICSD_22_3_93.png, FULL_VISIBILITY 
GICSD_22_3_113.png, FULL_VISIBILITY 
GICSD_22_4_133.png, FULL_VISIBILITY 
GICSD_22_5_153.png, FULL_VISIBILITY 
GICSD_22_5_173.png, FULL_VISIBILITY 
GICSD_22_6_193.png, PARTIAL_VISIBILITY 
GICSD_22_7_213.png, NO_VISIBILITY 
GICSD_22_7_233.png, FULL_VISIBILITY 
GICSD_22_8_253.png, FULL_VISIBILITY 
GICSD_22_9_273.png, FULL_VISIBILITY 
GICSD_22_9_293.png, FULL_VISIBILITY 
GICSD_23_0_3.png, FULL_VISIBILITY 
GICSD_23_0_13.png, FULL_VISIBILITY 
GICSD_23_1_33.png, FULL_VISIBILITY 
GICSD_23_1_53.png, FULL_VISIBILITY 
GICSD_23_2_73.png, FULL_VISIBILITY 
GICSD_23_3_93.png, FULL_VISIBILITY 
GICSD_23_3_113.png, FULL_VISIBILITY 
GICSD_23_4_133.png, FULL_VISIBILITY 
GICSD_23_5_153.png, FULL_VISIBILITY 
GICSD_23_5_173.png, FULL_VISIBILITY 
GICSD_23_6_193.png, PARTIAL_VISIBILITY 
GICSD_23_7_213.png, PARTIAL_VISIBILITY 
GICSD_23_7_233.png, FULL_VISIBILITY 
GICSD_23_8_253.png, FULL_VISIBILITY 
GICSD_23_9_273.png, FULL_VISIBILITY 
GICSD_23_9_293.png, FULL_VISIBILITY 
GICSD_24_0_3.png, FULL_VISIBILITY 
GICSD_24_0_13.png, FULL_VISIBILITY 
GICSD_24_1_33.png, FULL_VISIBILITY 
GICSD_24_1_53.png, FULL_VISIBILITY 
GICSD_24_2_73.png, FULL_VISIBILITY 
GICSD_24_3_93.png, FULL_VISIBILITY 
GICSD_24_3_113.png, FULL_VISIBILITY 
GICSD_24_4_133.png, FULL_VISIBILITY 
GICSD_24_5_153.png, FULL_VISIBILITY 
GICSD_24_5_173.png, PARTIAL_VISIBILITY 
GICSD_24_6_193.png, PARTIAL_VISIBILITY 
GICSD_24_7_213.png, NO_VISIBILITY 
GICSD_24_7_233.png, FULL_VISIBILITY 
GICSD_24_8_253.png, FULL_VISIBILITY 
GICSD_24_9_273.png, FULL_VISIBILITY 
GICSD_24_9_293.png, FULL_VISIBILITY 
GICSD_25_0_3.png, FULL_VISIBILITY 
GICSD_25_0_13.png, FULL_VISIBILITY 
GICSD_25_1_33.png, FULL_VISIBILITY 
GICSD_25_1_53.png, FULL_VISIBILITY 
GICSD_25_2_73.png, FULL_VISIBILITY 
GICSD_25_3_93.png, FULL_VISIBILITY 
GICSD_25_3_113.png, FULL_VISIBILITY 
GICSD_25_4_133.png, FULL_VISIBILITY 
GICSD_25_5_153.png, FULL_VISIBILITY 
GICSD_25_5_173.png, FULL_VISIBILITY 
GICSD_25_6_193.png, PARTIAL_VISIBILITY 
GICSD_25_7_213.png, PARTIAL_VISIBILITY 
GICSD_25_7_233.png, PARTIAL_VISIBILITY 
GICSD_25_8_253.png, FULL_VISIBILITY 
GICSD_25_9_273.png, FULL_VISIBILITY 
GICSD_25_9_293.png, FULL_VISIBILITY 
GICSD_26_0_3.png, FULL_VISIBILITY 
GICSD_26_0_13.png, FULL_VISIBILITY 
GICSD_26_1_33.png, FULL_VISIBILITY 
GICSD_26_1_53.png, FULL_VISIBILITY 
GICSD_26_2_73.png, FULL_VISIBILITY 
GICSD_26_3_93.png, FULL_VISIBILITY 
GICSD_26_3_113.png, FULL_VISIBILITY 
GICSD_26_4_133.png, FULL_VISIBILITY 
GICSD_26_5_153.png, FULL_VISIBILITY 
GICSD_26_5_173.png, FULL_VISIBILITY 
GICSD_26_6_193.png, PARTIAL_VISIBILITY 
GICSD_26_7_213.png, PARTIAL_VISIBILITY 
GICSD_26_7_233.png, FULL_VISIBILITY 
GICSD_26_8_253.png, FULL_VISIBILITY 
GICSD_26_9_273.png, FULL_VISIBILITY 
GICSD_26_9_293.png, FULL_VISIBILITY 
GICSD_27_0_3.png, FULL_VISIBILITY 
GICSD_27_0_13.png, FULL_VISIBILITY 
GICSD_27_1_33.png, FULL_VISIBILITY 
GICSD_27_1_53.png, FULL_VISIBILITY 
GICSD_27_2_73.png, FULL_VISIBILITY 
GICSD_27_3_93.png, FULL_VISIBILITY 
GICSD_27_3_113.png, FULL_VISIBILITY 
GICSD_27_4_133.png, FULL_VISIBILITY 
GICSD_27_5_153.png, FULL_VISIBILITY 
GICSD_27_5_173.png, FULL_VISIBILITY 
GICSD_27_6_193.png, PARTIAL_VISIBILITY 
GICSD_27_7_213.png, PARTIAL_VISIBILITY 
GICSD_27_7_233.png, PARTIAL_VISIBILITY 
GICSD_27_8_253.png, FULL_VISIBILITY 
GICSD_27_9_273.png, FULL_VISIBILITY 
GICSD_27_9_293.png, FULL_VISIBILITY 
GICSD_28_0_3.png, FULL_VISIBILITY 
GICSD_28_0_13.png, FULL_VISIBILITY 
GICSD_28_1_33.png, FULL_VISIBILITY 
GICSD_28_1_53.png, FULL_VISIBILITY 
GICSD_28_2_73.png, FULL_VISIBILITY 
GICSD_28_3_93.png, PARTIAL_VISIBILITY 
GICSD_28_3_113.png, FULL_VISIBILITY 
GICSD_28_4_133.png, FULL_VISIBILITY 
GICSD_28_5_153.png, FULL_VISIBILITY 
GICSD_28_5_173.png, PARTIAL_VISIBILITY 
GICSD_28_6_193.png, PARTIAL_VISIBILITY 
GICSD_28_7_213.png, NO_VISIBILITY 
GICSD_28_7_233.png, FULL_VISIBILITY 
GICSD_28_8_253.png, FULL_VISIBILITY 
GICSD_28_9_273.png, FULL_VISIBILITY 
GICSD_28_9_293.png, FULL_VISIBILITY 
GICSD_29_0_3.png, FULL_VISIBILITY 
GICSD_29_0_13.png, FULL_VISIBILITY 
GICSD_29_1_33.png, FULL_VISIBILITY 
GICSD_29_1_53.png, FULL_VISIBILITY 
GICSD_29_2_73.png, FULL_VISIBILITY 
GICSD_29_3_93.png, PARTIAL_VISIBILITY 
GICSD_29_3_113.png, FULL_VISIBILITY 
GICSD_29_4_133.png, FULL_VISIBILITY 
GICSD_29_5_153.png, FULL_VISIBILITY 
GICSD_29_5_173.png, FULL_VISIBILITY 
GICSD_29_6_193.png, PARTIAL_VISIBILITY 
GICSD_29_7_213.png, NO_VISIBILITY 
GICSD_29_7_233.png, PARTIAL_VISIBILITY 
GICSD_29_8_253.png, FULL_VISIBILITY 
GICSD_29_9_273.png, FULL_VISIBILITY 
GICSD_29_9_293.png, FULL_VISIBILITY 
GICSD_30_0_3.png, FULL_VISIBILITY 
GICSD_30_0_13.png, FULL_VISIBILITY 
GICSD_30_1_33.png, FULL_VISIBILITY 
GICSD_30_1_53.png, FULL_VISIBILITY 
GICSD_30_2_73.png, FULL_VISIBILITY 
GICSD_30_3_93.png, PARTIAL_VISIBILITY 
GICSD_30_3_113.png, FULL_VISIBILITY 
GICSD_30_4_133.png, FULL_VISIBILITY 
GICSD_30_5_153.png, PARTIAL_VISIBILITY 
GICSD_30_5_173.png, FULL_VISIBILITY 
GICSD_30_6_193.png, PARTIAL_VISIBILITY 
GICSD_30_7_213.png, NO_VISIBILITY 
GICSD_30_7_233.png, FULL_VISIBILITY 
GICSD_30_8_253.png, FULL_VISIBILITY 
GICSD_30_9_273.png, FULL_VISIBILITY 
GICSD_30_9_293.png, FULL_VISIBILITY 
GICSD_31_0_3.png, FULL_VISIBILITY 
GICSD_31_0_13.png, FULL_VISIBILITY 
GICSD_31_1_33.png, FULL_VISIBILITY 
GICSD_31_1_53.png, PARTIAL_VISIBILITY 
GICSD_31_2_73.png, FULL_VISIBILITY 
GICSD_31_3_93.png, FULL_VISIBILITY 
GICSD_31_3_113.png, FULL_VISIBILITY 
GICSD_31_4_133.png, FULL_VISIBILITY 
GICSD_31_5_153.png, FULL_VISIBILITY 
GICSD_31_5_173.png, FULL_VISIBILITY 
GICSD_31_6_193.png, FULL_VISIBILITY 
GICSD_31_7_213.png, PARTIAL_VISIBILITY 
GICSD_31_7_233.png, FULL_VISIBILITY 
GICSD_31_8_253.png, FULL_VISIBILITY 
GICSD_31_9_273.png, FULL_VISIBILITY 
GICSD_31_9_293.png, FULL_VISIBILITY 
GICSD_32_0_3.png, FULL_VISIBILITY 
GICSD_32_0_13.png, FULL_VISIBILITY 
GICSD_32_1_33.png, FULL_VISIBILITY 
GICSD_32_1_53.png, FULL_VISIBILITY 
GICSD_32_2_73.png, FULL_VISIBILITY 
GICSD_32_3_93.png, FULL_VISIBILITY 
GICSD_32_3_113.png, FULL_VISIBILITY 
GICSD_32_4_133.png, FULL_VISIBILITY 
GICSD_32_5_153.png, FULL_VISIBILITY 
GICSD_32_5_173.png, FULL_VISIBILITY 
GICSD_32_6_193.png, PARTIAL_VISIBILITY 
GICSD_32_7_213.png, NO_VISIBILITY 
GICSD_32_7_233.png, PARTIAL_VISIBILITY 
GICSD_32_8_253.png, FULL_VISIBILITY 
GICSD_32_9_273.png, FULL_VISIBILITY 
GICSD_32_9_293.png, PARTIAL_VISIBILITY 
GICSD_33_0_3.png, FULL_VISIBILITY 
GICSD_33_0_13.png, FULL_VISIBILITY 
GICSD_33_1_33.png, FULL_VISIBILITY 
GICSD_33_1_53.png, FULL_VISIBILITY 
GICSD_33_2_73.png, FULL_VISIBILITY 
GICSD_33_3_93.png, FULL_VISIBILITY 
GICSD_33_3_113.png, FULL_VISIBILITY 
GICSD_33_4_133.png, FULL_VISIBILITY 
GICSD_33_5_153.png, FULL_VISIBILITY 
GICSD_33_5_173.png, FULL_VISIBILITY 
GICSD_33_6_193.png, NO_VISIBILITY 
GICSD_33_7_213.png, PARTIAL_VISIBILITY 
GICSD_33_7_233.png, FULL_VISIBILITY 
GICSD_33_8_253.png, FULL_VISIBILITY 
GICSD_33_9_273.png, FULL_VISIBILITY 
GICSD_33_9_293.png, FULL_VISIBILITY 
GICSD_34_0_3.png, FULL_VISIBILITY 
GICSD_34_0_13.png, FULL_VISIBILITY 
GICSD_34_1_33.png, FULL_VISIBILITY 
GICSD_34_1_53.png, FULL_VISIBILITY 
GICSD_34_2_73.png, FULL_VISIBILITY 
GICSD_34_3_93.png, FULL_VISIBILITY 
GICSD_34_3_113.png, PARTIAL_VISIBILITY 
GICSD_34_4_133.png, FULL_VISIBILITY 
GICSD_34_5_153.png, FULL_VISIBILITY 
GICSD_34_5_173.png, FULL_VISIBILITY 
GICSD_34_6_193.png, PARTIAL_VISIBILITY 
GICSD_34_7_213.png, NO_VISIBILITY 
GICSD_34_7_233.png, FULL_VISIBILITY 
GICSD_34_8_253.png, FULL_VISIBILITY 
GICSD_34_9_273.png, FULL_VISIBILITY 
GICSD_34_9_293.png, FULL_VISIBILITY 
GICSD_35_0_3.png, FULL_VISIBILITY 
GICSD_35_0_13.png, FULL_VISIBILITY 
GICSD_35_1_33.png, FULL_VISIBILITY 
GICSD_35_1_53.png, FULL_VISIBILITY 
GICSD_35_2_73.png, PARTIAL_VISIBILITY 
GICSD_35_3_93.png, FULL_VISIBILITY 
GICSD_35_3_113.png, PARTIAL_VISIBILITY 
GICSD_35_4_133.png, FULL_VISIBILITY 
GICSD_35_5_153.png, FULL_VISIBILITY 
GICSD_35_5_173.png, FULL_VISIBILITY 
GICSD_35_6_193.png, PARTIAL_VISIBILITY 
GICSD_35_7_213.png, NO_VISIBILITY 
GICSD_35_7_233.png, FULL_VISIBILITY 
GICSD_35_8_253.png, FULL_VISIBILITY 
GICSD_35_9_273.png, FULL_VISIBILITY 
GICSD_35_9_293.png, FULL_VISIBILITY 
GICSD_36_0_3.png, FULL_VISIBILITY 
GICSD_36_0_13.png, FULL_VISIBILITY 
GICSD_36_1_33.png, FULL_VISIBILITY 
GICSD_36_1_53.png, FULL_VISIBILITY 
GICSD_36_2_73.png, FULL_VISIBILITY 
GICSD_36_3_93.png, FULL_VISIBILITY 
GICSD_36_3_113.png, PARTIAL_VISIBILITY 
GICSD_36_4_133.png, FULL_VISIBILITY 
GICSD_36_5_153.png, FULL_VISIBILITY 
GICSD_36_5_173.png, FULL_VISIBILITY 
GICSD_36_6_193.png, PARTIAL_VISIBILITY 
GICSD_36_7_213.png, NO_VISIBILITY 
GICSD_36_7_233.png, FULL_VISIBILITY 
GICSD_36_8_253.png, FULL_VISIBILITY 
GICSD_36_9_273.png, FULL_VISIBILITY 
GICSD_36_9_293.png, FULL_VISIBILITY 
GICSD_37_0_3.png, FULL_VISIBILITY 
GICSD_37_0_13.png, FULL_VISIBILITY 
GICSD_37_1_33.png, FULL_VISIBILITY 
GICSD_37_1_53.png, PARTIAL_VISIBILITY 
GICSD_37_2_73.png, FULL_VISIBILITY 
GICSD_37_3_93.png, FULL_VISIBILITY 
GICSD_37_3_113.png, FULL_VISIBILITY 
GICSD_37_4_133.png, FULL_VISIBILITY 
GICSD_37_5_153.png, FULL_VISIBILITY 
GICSD_37_5_173.png, FULL_VISIBILITY 
GICSD_37_6_193.png, PARTIAL_VISIBILITY 
GICSD_37_7_213.png, PARTIAL_VISIBILITY 
GICSD_37_7_233.png, FULL_VISIBILITY 
GICSD_37_8_253.png, FULL_VISIBILITY 
GICSD_37_9_273.png, FULL_VISIBILITY 
GICSD_37_9_293.png, FULL_VISIBILITY 
GICSD_38_0_3.png, FULL_VISIBILITY 
GICSD_38_0_13.png, FULL_VISIBILITY 
GICSD_38_1_33.png, PARTIAL_VISIBILITY 
GICSD_38_1_53.png, FULL_VISIBILITY 
GICSD_38_2_73.png, FULL_VISIBILITY 
GICSD_38_3_93.png, FULL_VISIBILITY 
GICSD_38_3_113.png, FULL_VISIBILITY 
GICSD_38_4_133.png, FULL_VISIBILITY 
GICSD_38_5_153.png, FULL_VISIBILITY 
GICSD_38_5_173.png, FULL_VISIBILITY 
GICSD_38_6_193.png, PARTIAL_VISIBILITY 
GICSD_38_7_213.png, PARTIAL_VISIBILITY 
GICSD_38_7_233.png, FULL_VISIBILITY 
GICSD_38_8_253.png, FULL_VISIBILITY 
GICSD_38_9_273.png, FULL_VISIBILITY 
GICSD_38_9_293.png, FULL_VISIBILITY 
GICSD_39_0_3.png, FULL_VISIBILITY 
GICSD_39_0_13.png, FULL_VISIBILITY 
GICSD_39_1_33.png, PARTIAL_VISIBILITY 
GICSD_39_1_53.png, PARTIAL_VISIBILITY 
GICSD_39_2_73.png, PARTIAL_VISIBILITY 
GICSD_39_3_93.png, FULL_VISIBILITY 
GICSD_39_3_113.png, PARTIAL_VISIBILITY 
GICSD_39_4_133.png, FULL_VISIBILITY 
GICSD_39_5_153.png, FULL_VISIBILITY 
GICSD_39_5_173.png, PARTIAL_VISIBILITY 
GICSD_39_6_193.png, PARTIAL_VISIBILITY 
GICSD_39_7_213.png, PARTIAL_VISIBILITY 
GICSD_39_7_233.png, FULL_VISIBILITY 
GICSD_39_8_253.png, FULL_VISIBILITY 
GICSD_39_9_273.png, FULL_VISIBILITY 
GICSD_39_9_293.png, FULL_VISIBILITY 
GICSD_40_0_3.png, FULL_VISIBILITY 
GICSD_40_0_13.png, FULL_VISIBILITY 
GICSD_40_1_33.png, FULL_VISIBILITY 
GICSD_40_1_53.png, FULL_VISIBILITY 
GICSD_40_2_73.png, FULL_VISIBILITY 
GICSD_40_3_93.png, FULL_VISIBILITY 
GICSD_40_3_113.png, FULL_VISIBILITY 
GICSD_40_4_133.png, FULL_VISIBILITY 
GICSD_40_5_153.png, FULL_VISIBILITY 
GICSD_40_5_173.png, FULL_VISIBILITY 
GICSD_40_6_193.png, PARTIAL_VISIBILITY 
GICSD_40_7_213.png, NO_VISIBILITY 
GICSD_40_7_233.png, PARTIAL_VISIBILITY 
GICSD_40_8_253.png, FULL_VISIBILITY 
GICSD_40_9_273.png, FULL_VISIBILITY 
GICSD_40_9_293.png, FULL_VISIBILITY 
GICSD_41_0_3.png, FULL_VISIBILITY 
GICSD_41_0_13.png, FULL_VISIBILITY 
GICSD_41_1_33.png, FULL_VISIBILITY 
GICSD_41_1_53.png, FULL_VISIBILITY 
GICSD_41_2_73.png, FULL_VISIBILITY 
GICSD_41_3_93.png, FULL_VISIBILITY 
GICSD_41_3_113.png, FULL_VISIBILITY 
GICSD_41_4_133.png, FULL_VISIBILITY 
GICSD_41_5_153.png, FULL_VISIBILITY 
GICSD_41_5_173.png, FULL_VISIBILITY 
GICSD_41_6_193.png, PARTIAL_VISIBILITY 
GICSD_41_7_213.png, PARTIAL_VISIBILITY 
GICSD_41_7_233.png, FULL_VISIBILITY 
GICSD_41_8_253.png, FULL_VISIBILITY 
GICSD_41_9_273.png, FULL_VISIBILITY 
GICSD_41_9_293.png, FULL_VISIBILITY 
GICSD_42_0_3.png, FULL_VISIBILITY 
GICSD_42_0_13.png, FULL_VISIBILITY 
GICSD_42_1_33.png, FULL_VISIBILITY 
GICSD_42_1_53.png, PARTIAL_VISIBILITY 
GICSD_42_2_73.png, FULL_VISIBILITY 
GICSD_42_3_93.png, FULL_VISIBILITY 
GICSD_42_3_113.png, FULL_VISIBILITY 
GICSD_42_4_133.png, FULL_VISIBILITY 
GICSD_42_5_153.png, FULL_VISIBILITY 
GICSD_42_5_173.png, PARTIAL_VISIBILITY 
GICSD_42_6_193.png, PARTIAL_VISIBILITY 
GICSD_42_7_213.png, NO_VISIBILITY 
GICSD_42_7_233.png, FULL_VISIBILITY 
GICSD_42_8_253.png, FULL_VISIBILITY 
GICSD_42_9_273.png, FULL_VISIBILITY 
GICSD_42_9_293.png, FULL_VISIBILITY 
GICSD_43_0_3.png, FULL_VISIBILITY 
GICSD_43_0_13.png, FULL_VISIBILITY 
GICSD_43_1_33.png, FULL_VISIBILITY 
GICSD_43_1_53.png, FULL_VISIBILITY 
GICSD_43_2_73.png, FULL_VISIBILITY 
GICSD_43_3_93.png, FULL_VISIBILITY 
GICSD_43_3_113.png, FULL_VISIBILITY 
GICSD_43_4_133.png, FULL_VISIBILITY 
GICSD_43_5_153.png, FULL_VISIBILITY 
GICSD_43_5_173.png, FULL_VISIBILITY 
GICSD_43_6_193.png, PARTIAL_VISIBILITY 
GICSD_43_7_213.png, PARTIAL_VISIBILITY 
GICSD_43_7_233.png, FULL_VISIBILITY 
GICSD_43_8_253.png, FULL_VISIBILITY 
GICSD_43_9_273.png, FULL_VISIBILITY 
GICSD_43_9_293.png, FULL_VISIBILITY 
GICSD_44_0_3.png, FULL_VISIBILITY 
GICSD_44_0_13.png, FULL_VISIBILITY 
GICSD_44_1_33.png, FULL_VISIBILITY 
GICSD_44_1_53.png, FULL_VISIBILITY 
GICSD_44_2_73.png, FULL_VISIBILITY 
GICSD_44_3_93.png, FULL_VISIBILITY 
GICSD_44_3_113.png, FULL_VISIBILITY 
GICSD_44_4_133.png, FULL_VISIBILITY 
GICSD_44_5_153.png, FULL_VISIBILITY 
GICSD_44_5_173.png, FULL_VISIBILITY 
GICSD_44_6_193.png, PARTIAL_VISIBILITY 
GICSD_44_7_213.png, NO_VISIBILITY 
GICSD_44_7_233.png, FULL_VISIBILITY 
GICSD_44_8_253.png, FULL_VISIBILITY 
GICSD_44_9_273.png, FULL_VISIBILITY 
GICSD_44_9_293.png, FULL_VISIBILITY 
GICSD_45_0_3.png, FULL_VISIBILITY 
GICSD_45_0_13.png, FULL_VISIBILITY 
GICSD_45_1_33.png, FULL_VISIBILITY 
GICSD_45_1_53.png, FULL_VISIBILITY 
GICSD_45_2_73.png, FULL_VISIBILITY 
GICSD_45_3_93.png, PARTIAL_VISIBILITY 
GICSD_45_3_113.png, PARTIAL_VISIBILITY 
GICSD_45_4_133.png, FULL_VISIBILITY 
GICSD_45_5_153.png, FULL_VISIBILITY 
GICSD_45_5_173.png, FULL_VISIBILITY 
GICSD_45_6_193.png, PARTIAL_VISIBILITY 
GICSD_45_7_213.png, NO_VISIBILITY 
GICSD_45_7_233.png, PARTIAL_VISIBILITY 
GICSD_45_8_253.png, FULL_VISIBILITY 
GICSD_45_9_273.png, FULL_VISIBILITY 
GICSD_45_9_293.png, FULL_VISIBILITY 
GICSD_46_0_3.png, FULL_VISIBILITY 
GICSD_46_0_13.png, FULL_VISIBILITY 
GICSD_46_1_33.png, FULL_VISIBILITY 
GICSD_46_1_53.png, FULL_VISIBILITY 
GICSD_46_2_73.png, FULL_VISIBILITY 
GICSD_46_3_93.png, FULL_VISIBILITY 
GICSD_46_3_113.png, FULL_VISIBILITY 
GICSD_46_4_133.png, FULL_VISIBILITY 
GICSD_46_5_153.png, FULL_VISIBILITY 
GICSD_46_5_173.png, FULL_VISIBILITY 
GICSD_46_6_193.png, PARTIAL_VISIBILITY 
GICSD_46_7_213.png, PARTIAL_VISIBILITY 
GICSD_46_7_233.png, PARTIAL_VISIBILITY 
GICSD_46_8_253.png, FULL_VISIBILITY 
GICSD_46_9_273.png, FULL_VISIBILITY 
GICSD_46_9_293.png, FULL_VISIBILITY 
GICSD_47_0_3.png, FULL_VISIBILITY 
GICSD_47_0_13.png, FULL_VISIBILITY 
GICSD_47_1_33.png, FULL_VISIBILITY 
GICSD_47_1_53.png, FULL_VISIBILITY 
GICSD_47_2_73.png, FULL_VISIBILITY 
GICSD_47_3_93.png, FULL_VISIBILITY 
GICSD_47_3_113.png, PARTIAL_VISIBILITY 
GICSD_47_4_133.png, FULL_VISIBILITY 
GICSD_47_5_153.png, FULL_VISIBILITY 
GICSD_47_5_173.png, FULL_VISIBILITY 
GICSD_47_6_193.png, FULL_VISIBILITY 
GICSD_47_7_213.png, PARTIAL_VISIBILITY 
GICSD_47_7_233.png, PARTIAL_VISIBILITY 
GICSD_47_8_253.png, FULL_VISIBILITY 
GICSD_47_9_273.png, FULL_VISIBILITY 
GICSD_47_9_293.png, FULL_VISIBILITY 
GICSD_48_0_3.png, FULL_VISIBILITY 
GICSD_48_0_13.png, FULL_VISIBILITY 
GICSD_48_1_33.png, FULL_VISIBILITY 
GICSD_48_1_53.png, FULL_VISIBILITY 
GICSD_48_2_73.png, PARTIAL_VISIBILITY 
GICSD_48_3_93.png, FULL_VISIBILITY 
GICSD_48_3_113.png, FULL_VISIBILITY 
GICSD_48_4_133.png, FULL_VISIBILITY 
GICSD_48_5_153.png, FULL_VISIBILITY 
GICSD_48_5_173.png, FULL_VISIBILITY 
GICSD_48_6_193.png, PARTIAL_VISIBILITY 
GICSD_48_7_213.png, PARTIAL_VISIBILITY 
GICSD_48_7_233.png, FULL_VISIBILITY 
GICSD_48_8_253.png, FULL_VISIBILITY 
GICSD_48_9_273.png, FULL_VISIBILITY 
GICSD_48_9_293.png, FULL_VISIBILITY 
GICSD_49_0_3.png, FULL_VISIBILITY 
GICSD_49_0_13.png, FULL_VISIBILITY 
GICSD_49_1_33.png, FULL_VISIBILITY 
GICSD_49_1_53.png, PARTIAL_VISIBILITY 
GICSD_49_2_73.png, FULL_VISIBILITY 
GICSD_49_3_93.png, FULL_VISIBILITY 
GICSD_49_3_113.png, FULL_VISIBILITY 
GICSD_49_4_133.png, FULL_VISIBILITY 
GICSD_49_5_153.png, FULL_VISIBILITY 
GICSD_49_5_173.png, FULL_VISIBILITY 
GICSD_49_6_193.png, PARTIAL_VISIBILITY 
GICSD_49_7_213.png, NO_VISIBILITY 
GICSD_49_7_233.png, FULL_VISIBILITY 
GICSD_49_8_253.png, FULL_VISIBILITY 
GICSD_49_9_273.png, FULL_VISIBILITY 
GICSD_49_9_293.png, FULL_VISIBILITY 
GICSD_50_0_3.png, FULL_VISIBILITY 
GICSD_50_0_13.png, FULL_VISIBILITY 
GICSD_50_1_33.png, FULL_VISIBILITY 
GICSD_50_1_53.png, FULL_VISIBILITY 
GICSD_50_2_73.png, PARTIAL_VISIBILITY 
GICSD_50_3_93.png, FULL_VISIBILITY 
GICSD_50_3_113.png, FULL_VISIBILITY 
GICSD_50_4_133.png, FULL_VISIBILITY 
GICSD_50_5_153.png, FULL_VISIBILITY 
GICSD_50_5_173.png, FULL_VISIBILITY 
GICSD_50_6_193.png, PARTIAL_VISIBILITY 
GICSD_50_7_213.png, NO_VISIBILITY 
GICSD_50_7_233.png, PARTIAL_VISIBILITY 
GICSD_50_8_253.png, FULL_VISIBILITY 
GICSD_50_9_273.png, FULL_VISIBILITY 
GICSD_50_9_293.png, FULL_VISIBILITY 
